Decoded Link,Coded Link
"https://www.fontanka.ru/2026/01/24/76231915/","https://news.google.com/rss/articles/CBMiV0FVX3lxTFAzZ3Z4aGJCc0o5T2xNUWVRV1Yzb0ZpbnJMejJDZVlJLURsMDFub0hXZUtENTdHR3Uzd29oTXhCU0h0MWZvVzVRbzFFTUlkSEsyMHRKQ0dVaw?oc=5"
"https://vfokuse.mail.ru/article/holodilnik-bez-ruchki-zachem-trampu-grenlandiya-69549041/","https://news.google.com/rss/articles/CBMikwFBVV95cUxQb1gxZjZ2VXk4TzJjcU1oMklPaFVrM3R1THIyOW1GdE01UFRaeEJSOWZ6QXN6V3BoR2VGeDJ4UW9TQy1ybXdwY0JBNnY1NTZmUndLLTlhakg0bkVMd2txZXVDb0hvQmlCS2l3RUtOcE9nQWNobVZxZW1pY00wWUpYVmNoQ08temlDN3A0NENSV0o0SlU?oc=5"
"https://www.interfax.ru/world/1069280","https://news.google.com/rss/articles/CBMiTkFVX3lxTFBiTm8xeUV1NUtOTGl4YS1oYzNwak1IekdUQVlvVHlYWW5GSlVmQzc2MEpsTG9NVmdIelZrZ3NMaGtFVXByTW1CTlRRSEp6UdIBS0FVX3lxTFB1WTN5ZWVxeWdHdHpvbER2SlMxMzlmY1hDVWs2TkNCZFRxaW5PalczUzdzemc3N01HcFVXVXNyTFVLaU5iNExfVjRLdw?oc=5"
"https://eadaily.com/ru/news/2026/01/24/gensek-ck-kompartii-vetnama-priglasil-putina-v-gosti","https://news.google.com/rss/articles/CBMilgFBVV95cUxPNXhOS3Y5aTJtMjJHX0QwUGVidjZmbU5PbWtyVjlQemJrVVhHa3NrT3U2QzVCeGZ1YUJFWE5lOFNaTGZZM05hUUJmZU9SWHV4RjZsUmdQQWYtSmhoTTBrMnVnSVlWWG0tRzNsODBhbDVSY0NUWGgwMVJPS2RpcThqU0UxMVVwcXVrOWtDZEZQMWwtdW9uU1HSAZoBQVVfeXFMTmk4NXg0Rmg5X09icWgybkFJZ2RFTFpFb0hLZDNfdzZsYm1SVU56XzlpQmNSbDVkQ0FCWHNRZmpOV3RZakc2cXMzYldkc2d0N1BaZzRGVDY4a0RkVkFrbDA1Y1JscDN3UVQ0RkdYVmVNX1JINlBzNWJqNE42ellmNDJiT3U0bVJXdHAxM0d1LUR1REpNV0pTb2tkQQ?oc=5"
"https://www.fontanka.ru/2026/01/24/76231744/","https://news.google.com/rss/articles/CBMiV0FVX3lxTE5RSlNXVGlZanRFNDVUTTNXay1YVGYwbkdHdlBOQXJGMlN2aFRtb0hLVnI2dkVTcTBGdllibEFmU282UWtFa2JhN182UHhoS3B5enVCSUtsMA?oc=5"
"https://voennoedelo.com/posts/id82060-tramp-igraet-v-mir-zachem-ssha-ponadobilsja-novyj-sovet","https://news.google.com/rss/articles/CBMimAFBVV95cUxNbWpyS0wyQS0xMGhNVEpjT2RpNkE0Y3JZMmpxclZlZU5WdzhCcmM5S3VxMDFoX3FwX2FDXzBtVG9ZRGFoMHFwRG5KcE5VV3pQN0t4WTJ6U3V1X3I1V0M1RjBKVGczVE9hSGFWMjJxOXJGYkhpYVlheHh0WjNpOC1WN3RZdHgtRWtDcGFURkNpUzMzQThKZUQ2StIBnAFBVV95cUxPa1o1Rms3eWdQNEtkUmQtZVFFYWd3ZHlDRkU2S0wxWS1wS1dOa1ZMNjNTYTdsNnJfNTNKT2FsNk1HMkFhTl9FSnc0UkhONlhLWnRERHJtT3RLR2g0WWNJUlpjVzZQaHgxalZCb1ZUVlBCMUlXekhCbWtvcEUtbENLenc5R3Uwd2FYWFZMQU5hWFpiNzNnQlNSaGRVTGw?oc=5"
"https://www.fontanka.ru/2026/01/24/76231797/","https://news.google.com/rss/articles/CBMiV0FVX3lxTFBRRDN4Tlo1bWwyV0Z6OTBpYU1KS0MyN2hoMnRVUTc1a2lZYjZVTnFNeTROQUlOQk9zWjhSd2wwV3l3dXhmUFp4bU90eGxOX3FzenN3Z0ZDMA?oc=5"
"https://www.vedomosti.ru/politics/news/2026/01/24/1171540-tramp-prigrozil","https://news.google.com/rss/articles/CBMifkFVX3lxTE1TcElmVTJaLURoZXZlSVcxMUdoY041Qm92T2pnYk9GM1JpYXlNY1hFd0R6MHUzcTNCV2lZdXhyaXMwazJZa2dPVE5WSldrSHgwSjJCVXFyMGFhdFMxeG51YTNKLThpaHk4dm9jNGdDNU1HeUJwQWxlQ0pYLU9EQQ?oc=5"
"https://ura.news/news/1053062705","https://news.google.com/rss/articles/CBMiR0FVX3lxTE1wTmctSFJhZTNzXzdvOHJwenhLT05zc2Y3NnRlT3NXY0E4bkpaOVJFaW9lb0VOMTJvYm9oTWllTEMzRFhGdGw0?oc=5"
"https://www.vedomosti.ru/politics/news/2026/01/23/1171412-tramp-rasskazal","https://news.google.com/rss/articles/CBMifkFVX3lxTE5PQWlSR2hiUm85VEpUdFl3b20wN0ZKX0poS1lpOGRGX3o4ajRWb0hPbnlXSlRsSWMxcWhJd3JDaUltbFp3WkRTT21pLTRZYXFCdXNmbXJfaUZrRVF0QUpYRFIxRi16Mkk3bXltUkNZMUs3dXl5aVVWOUFkOUY4QQ?oc=5"
"https://ura.news/news/1053062363","https://news.google.com/rss/articles/CBMiR0FVX3lxTE1XaVZlN2xNQ3dLd05qM0hjRG1OVE4wS3lsTTh2Tzl0Y3NEMV8tcl9KMWNKWnQ4c1N2OGRzUjRBaXFkX1ZfNkxn?oc=5"
"https://vfokuse.mail.ru/article/v-restoranah-okolo-pentagona-zafiksirovali-povyshennyj-spros-na-dostavku-piccy-69548073/","https://news.google.com/rss/articles/CBMivAFBVV95cUxNeUJnaEtGVzJMWml6YzBkT3dzUldwblFHMWpuSS1PMjVnbGFZd3VyalZDTnBQejR5bm9JYWdXdFhPdklpMzQ3Z2p5Mm12NE14ajRQZlBuX3pXZ1lhdDBYN3BxX0VhQzdaZE5kOXBHcWVSbjdqSWNUa1Y4U1MzYmdEZTJnZmpPeTBXZTJwMUdleEE3WWZDVzVlaG13QlQ4Q3Q1SktETzNxSVFWRkcwZ0FMNHIxeUNoVmlZanZFUQ?oc=5"
"https://www.business-gazeta.ru/article/693134","https://news.google.com/rss/articles/CBMiWEFVX3lxTE9xeXg1dkxOcm53QVo5bkx6WjlOdEJjRXNWWFdWcFJuWGQtdVprWUtFLVViaUg4ZGllZ0VYRkdiYXFXa0RYcGVJZzgyZUpqQ3FIVDFSek1KXzI?oc=5"
"https://ura.news/news/1053062645","https://news.google.com/rss/articles/CBMiR0FVX3lxTE80OHFEMTgyRUFPMkJ3elBILVRoUjFTTk0tcG9ldXdnZERpNkRHTWNUdVgwN1JLOEkzdXNRd1QtLWNiUktscGVJ?oc=5"
"https://www.interfax.ru/world/1069266","https://news.google.com/rss/articles/CBMiTkFVX3lxTE5lUmxnOHJTZk1MZ0xNYldiUXRGM2ItQlNVTjZUeTd3TUg1bnVTcEpDbjdyU29zaDlMeGxIQlIwMk9Ueko1cjJTQkNIY183d9IBS0FVX3lxTE9Hck1GMG41X0lvVVBjandTMU52V3JKTklhWEVhSlVOZ3V0ZFpvUjlvM1lCSFRobVRRWkpEMzhodHQtcDF0QXQyODR3dw?oc=5"
"https://ura.news/news/1053062686","https://news.google.com/rss/articles/CBMiR0FVX3lxTE1pQmdMTV8zYjhmSUVLZFl6dzRwVDR3RVJ4amxDVGIwWm84MHl4bm1pam1xVDZFdHlULWFIaWdZb1ZsYzNvYUh3?oc=5"
"https://news.rambler.ua/world/55939728-na-zapade-rezko-vyskazalis-o-kredite-dlya-ukrainy/","https://news.google.com/rss/articles/CBMikwFBVV95cUxPd05RazJWNHpTQVJEb2J3NURsaUNOcU00cGJKLUdGSmI3UE13WEJvTHpVRHlJNFlRdzhIRW10cHVrQWhkM1BhMDdOTmJoYkM0c202WkhnQk1LZ1pNd0JFMXM0Vnp3NDFmVXdITmFIV1hCa01xZVNNRVpZbXJ1MXRwNFE0cnNLSk8yck9TZW9uc3FmTUE?oc=5"
"https://eadaily.com/ru/news/2026/01/24/zelenskiy-potreboval-ot-evropy-realizovat-soglasovannye-im-s-trampom-v-davose-plany","https://news.google.com/rss/articles/CBMivwFBVV95cUxPZ3duLTdNX2ZPOFpLUk1MQjJJSGVSUml2c0p3b2hIX0s0STVUWEdiQV9EUnJtME1ZZ25kQmxTaTBWai1kZUp1c1QyN2lKaVFjZ1loRVBNNjNRQzh6cnZXTFZvOTR5WURWaXVkLTBBaTdsXzdKUzRWM0VuN2ZPRm45RDh4SkViUnE0ZmlwaXR1dFhQb0VseUZRTk9kNDQzZFhPX2ZKdXpwZ2ZMQUhSNldLU2taUFBtXzJHcFBtUWwtb9IBwwFBVV95cUxPREVFVmNoN2RoNEZNYXh6eVcxd3A5aTV6eEdRU3JRTXUtcjk4eVFLMXZkSWpFUERXTVBLX01VcUpHbzRrMHZQdEtTeVFPMEJRU3J0UUZscDZSQlB6VGRBQ3JCRkx5eWx4SU9hVHZLSURkNnhsMWJpcHhIeFZqQUlSQXR2ZWhXVGdQNkZ0M29PalpBQ0FIMEU3aTcyNV96MU1odUlCV1hYdlYwdzVJd21CdktwRllqWUZ6Rmg3Zm5VaVR5b0U?oc=5"
"https://ura.news/news/1053062597","https://news.google.com/rss/articles/CBMiR0FVX3lxTE9ocWRjbFZ0SzEwcFNqMUxiYlJtallKaFhKWkRnSEl5NWhnVW9paGhtTk9jWmJYckZCdVcyekR1RlQ2UlgwRU84?oc=5"
"https://vfokuse.mail.ru/article/rodriges-priznalas-chto-ssha-ugrozhali-ey-ubiystvom-za-otkaz-ot-sotrudnichestva-69545786/","https://news.google.com/rss/articles/CBMivgFBVV95cUxNZ25yOWRCNkN4ckdmMmZTRkRBQ19OR1RsZXNKSVBqT3FnTGRPdE12czlmNzBFa3JIa25SYWYxUmFyeHBpelZGdDdBVUNaQXdweEh1bWl6b3B1UmtmUXhDZ3pkc0RwVXN6Q2YtZzlMNGRjWVlEOTlKd0ZkTktsSFhDcF9xdEhEaWg2OEI3ZlRlVG5GYkpSX3RiOE5ub3JjQWVMcXZBenROUHY1amJpb3hWMWhpQk9WeEdOSGxtZ2hR?oc=5"
"https://eadaily.com/ru/news/2026/01/24/energorynok-za-nedelyu-finlyandiyu-podmorozilo-pod-700-za-gaz","https://news.google.com/rss/articles/CBMiogFBVV95cUxOMVhlV1dnb2F0aUpKU2VDbGlsbFBHZHMwZ3Z0bjBJSHZCQ2huV0x3aVVrRnNUeHJKTThPbHN0QnhhZ0RyWHZONUJfX1dLTmNodGRETDMySUFXclNhQ1ZXZU44TXRKai1oaFRwWFd4aG9sMk5zZktGZmFzLWp0UHZ6alVzdzNHMS1UM2NySUFGRkg5TlFsczdQN2hJMDhRX0p5REHSAaYBQVVfeXFMUHJjX2s4WU1wX2NnejJTemdKeHFtdTdGS0FhU0MxMzc4V0ZaMmw3RGpUU0Zhcms3alFoRS00Tlg0UmluenNiYXFsN2lSVlo0cWVRNWVKU0l4NF9UTEtDbWduQ3BqMmFuN01JSDVJVjVtSEc4d3pYNVJIN3JWbVdybG9sX3N3R3Z3NUJyaE4xcVlndlZFaEpLcjB0bVVNTlI0QlVpbFV3UQ?oc=5"
"https://theins.ru/news/288769","https://news.google.com/rss/articles/CBMiQ0FVX3lxTE1JQkZ6SHplTW9zdXZER3c0NEtkMl9qWFRudVpfLVJfemlNM0tMR1ZSU3V2TnRuNThJRER0Z2dyeUlnVGc?oc=5"
"https://tve24.ru/news/2026/01/25/v-turtsii-v-musornom-bake-nashli-telo-grazhdanki-uzbekistana-bez-golovy/","https://news.google.com/rss/articles/CBMiqAFBVV95cUxOZml4eHhQcjFBS2o0ZXkyS3BWdklnbWN5NkxUMUwwRXN3YjhTSkdOWTVhcVJlZ1V4eVUxeFNscjBWQ0JlNnhaVlEwbUJOVWFuODM1d3B4c2NNUDVkMXlGRE1ZTjZnVXlydmxZYXlTaHhsY21uWnMweWJJQUFzNF9DSDJ3cmljNHZLUmpaOU16c0N4Y0VWb2RBV0hRYXgyb05hdFVybTNYbFc?oc=5"
"https://www.pravda.ru/economics/2330702-zoloto/","https://news.google.com/rss/articles/CBMiW0FVX3lxTE9sRm0zVy1taHV1cGFHVUpiSDExYWJFR0VUbFdial9fUlBEMER0VWFIQnE1M0JhN0dBN3ZGRVdMMzh3T2pwMzJxdDB5cGNpOGY4cVV2TlBOeGk5YnM?oc=5"
"https://news.rambler.ua/world/55944149-voz-otreagirovala-na-vyhod-ssha-iz-organizatsii/","https://news.google.com/rss/articles/CBMikAFBVV95cUxNTUtCREJ6UHJhMU1SbTZEZ2RLOVpsWlNGVkRHZ3dzMHNHSzBnekRjd0N2TlVTNTJmM0xHcWpmNVk3NkkxZHBYc1FMTG5DVHhrWE5wYThxbHBhQ1p5ZUh0bnExWTNTcFJPSDZkV3JJT0ZfRlVTSW00MWRMTWI1ck9VOGdfb1Z1N2c3US1rdjlZdHg?oc=5"
"https://vfokuse.mail.ru/article/gorod-chm-2026-i-zemlya-polnaya-tel-chem-grozit-turistam-chm-po-futbolu-letom-2026-69542784/","https://news.google.com/rss/articles/CBMiwgFBVV95cUxPVmdsNjhLQkM5R09BLUJ0R0Nia2RQQ1cxVlN1S2drVFk3TWJOX20xeGNENUF0MmhMUHR6QlUwMFE0WDRvcXZlNC00NHRnZmRPYjJmazBoZjhaS09NU3lXQzJ3Uy1pUEM4ZkRNY1hUTVg4VjgxSDNxUG9BTGRROWJNZGRwaFN4dXFxWUdQN1ZnRWJvUWZkQm1mRnp2dkk1U2s3RDZxakRrR2RwcE5HNnR5RnVESUN6bVJNZXAtVFJIcHZmZw?oc=5"
"https://voennoedelo.com/posts/id82066-es-vedut-k-bolshoj-vojne-v-ssha-sdelali-zhestkoe-zajavlenie","https://news.google.com/rss/articles/CBMingFBVV95cUxQSG9zZVg3Nm5EQnhXaDh1Mm1yRzVMb282UDhub24yMkN3QVVsaVd3V0cwcmE4TnNZdFdRTm1zeXc3NC1IVVh3WnBONDZ3T0xkZGxiM2tYc2VuX0lXcGQ0RElxYmdHSjk1X3NkU1M4U2tqdTF6d0lZM0lVNFVvNHNwaHF6dzVEa2NOZFRFTG82NEtjdWRRWXFKZEhvUFJxQdIBogFBVV95cUxQaUpQTmI1YUJBbUpLejljX2dyQW1vVWxaTVFLNjN0a3NmRUVoUlFvSWZkVjN3c2J6QW92cjZqa2g0UTJ6UGU0YlFsdDNmeEdpekVvajU5S2xGSC1fLUstM1plNm5LblZ0c21uWFZqR19EQzVMd2dXZjA1X0JCYWxtYk05ZHpHN2JyYVpqNjJBdmw1d1p0THRaVmdsTnE2MkdldFE?oc=5"
"https://ura.news/news/1053062539","https://news.google.com/rss/articles/CBMiR0FVX3lxTE5vVXdhbEdodlhsWjA4Rmx4V1RGSFRQaXo0b2o2ejVYNmdzdTRPQmhzY3RzVzZ6aVl1dDE4SUh3dXpBZG9aaTYw?oc=5"
"https://tve24.ru/news/2026/01/24/v-kitae-nachali-rassledovanie-protiv-vysokopostavlennyh-voennyh/","https://news.google.com/rss/articles/CBMingFBVV95cUxNN05QVzF4WnpkMEoydTdUc3VvcU93Zk9PQVdPLVpMeXd0eUNNT0JOWElNNzVTaXkwU25JTkNMdWRxMjYtWmlFOEk4Rk5rUkVzOGlyMmFhVVlReVo2cF9NbnFTakRSNzkzU2lRS0R5SGJ4OFItdGY0NldobWhHMGFRN1M4NHc2T0IxOEpDcEx3dGUtN2xIOGktei16UmVvUQ?oc=5"
"https://voennoedelo.com/posts/id82079-pereshel-rubikon-pochemu-evropa-gotovitsja-k-razryvu-otnoshenij-s-ssha","https://news.google.com/rss/articles/CBMirAFBVV95cUxOU2FBWUZoV3pzOVhMU09uSHNNY2hZZHhfMzdaMFAzdEZneU9sVjJkV0RFTl9DMjVxeHZOU0Q3VHJnSmo2WnNxZ0RwalRYckY0LUYta05ZaFF0ejRIc1hhejBnRl9BYWZHOUFSaGRvVjYzTWdiRElNaC1lY0l0QTQycWhUNW9rNmw1UTY0UXVqZnYxMkNQSzl1X1pLMXFxNURoLUZRc0FaVUNZMnV50gGwAUFVX3lxTE1fbmJaaHpwNXMwVFYwblhXRFpSRXJMR25NQjdnRlhBRGN2ck5WVl9SejN5RDF4YWllb3Z2Mm9jUHlDNDVPb3Y5UjZuRWhLTy0wTkZpZmxMbXpFZWV0WEdaeVZzV0hydGRIYWhMNkZwZUNYN1pmc0J2SkppYTZIREdsWEg3TE9VRWU1ZTI2amp0YVljNm5OYXI4SmRJZlVxYnZCOEdtdHd0cGxGR1U4NHk0?oc=5"
"https://m.business-gazeta.ru/news/693125","https://news.google.com/rss/articles/CBMiUkFVX3lxTE9OMDB3OEg0V2g1UXc5ZVhCLU54V1paMUtWR0dndkpTV1F0NFJRanRoLUpBUkR4SkFVZEdZWVQ5V0xtdWQ5aFd4eTJIRm5RSGR6a3c?oc=5"
"https://www.business-gazeta.ru/article/693110","https://news.google.com/rss/articles/CBMiWEFVX3lxTE1LRHd5ZFlRcy03cjl2Qlh0dDE0SVV0bGtKUkZIZHZzSkNFSUVRUEdyY2NpWTB3eW9McnNNMGtPMnIxb2FGUlVFeWlITHVSMjVTZVVpMTBYUkg?oc=5"
"https://www.interfax.ru/world/1069302","https://news.google.com/rss/articles/CBMiTkFVX3lxTE1iYjZJUEV2SEEzQ0lTZXR1UEtVTnVGOXQzUy1WSS1RQUhGRHRSS1FqanV4TW1qYWM2RFprclNqWG9WNkdfUE16OWF1bzhjQdIBS0FVX3lxTE5YbWtrNlQtTFdVQkVfR05MWWxZekU4eHItTm9MWlN6MFRDTVNNRjZXaUEtMUVoZU8yVG1PcFpxaU9DUkZ4RGV5LUpLOA?oc=5"
"https://www.interfax.ru/world/1069269","https://news.google.com/rss/articles/CBMiTkFVX3lxTE5HUl9fZlhQSlJnc0I2cFR1dEJ1VlpTWENRT1VkOFJHUEd0Sm9FRGpBR21fcWFoanA0a3ozaDh5WEhfZ1VZWkw2U2NSbzJtUdIBS0FVX3lxTE9VZjhXV3BTVDBEaXd1RUJJVmRuT0xiOVNqcXhfNWFoLTEtUnpaODBwckdlZDJWcF9oRWZrTHdLekQzZDFaeUlnaXJFVQ?oc=5"
"https://www.finam.ru/publications/item/ssha-ishchut-sposoby-bystro-uvelichit-dobychu-nefti-v-venesuele-20260124-2004/","https://news.google.com/rss/articles/CBMiuAFBVV95cUxNZlNGem8wYnVwQU4yRVdCVnFrWkg4U0gyWnFsZ2pHTlhYV0F2d0dVNnQ0THJVczN1VmJEVnNJZWU5THc5WmJ5S2dkWVJHUFVJNTZUcHlmUkJRbDMwUEZORnotWldKdG13bGJtbXJXVnRKY1RhQTFDZF8wdkRXV2FINkRTX3dRMnhjb3BMQlNpTVVCeGw3Ul9sMUtPMWFxd084YzlMRlpzLVpWd0UxX3IzWnR2Yk1lTjk3?oc=5"
"https://www.pravda.ru/news/economics/2330770-nuclear-power-restart/","https://news.google.com/rss/articles/CBMidkFVX3lxTE1WZE5HanZWcTJ3OV9tZ1MzNmVCRGJzMDVGMjFsUlhDYy15YVVzREl0RXpxZ0NPLTlob0NwT2lZQll5RVNsOXdMZC1BSHJ0eGZxc0prcFY4QU9tMXVDMlNoNV82clpGTnJVWGZTMEc0bjBZQWFzOHc?oc=5"
"https://www.finam.ru/publications/item/tramp-podal-isk-k-jpmorgan-i-dzheymi-daymonu-na-5-mlrd-za-zakrytie-ego-schetov-20260124-1623/","https://news.google.com/rss/articles/CBMizAFBVV95cUxQYmtTcnM4N1NPLVM2czZZNWRKTG5wLWxrT1pYbmJpWm1vVlZ5Y3p6YUc3Q3BpOS03d3VwdzNsLTdfN1hnU3FkWUNDbGQ4ckxiOUhQNVdRY2ROZmI5SDE3ZmZVRmpOWHRIdUEyOGljT1JwUFZ3NGxsTzJ3c2N3SzdqWk1DZE5YdDdKVlViYzgzeHlnVF9Dd2NmUHRqLUVrd1JkVVo3N181OVItNXFnVDJ5YXBLdVFyX3RKN1lKR1U3SEdQRlJ3QmV0TFBuOWk?oc=5"
"https://www.interfax.ru/world/1069125","https://news.google.com/rss/articles/CBMiTkFVX3lxTFA2Z21Hd2U4TFFXcThVTGhXbUlGTC1mTkotdXByR0lRUkVDMnlFcm4yYUJoRmNoQVg2TlFpYzFIcFluVGdlR3FqRjdKaUJmQdIBS0FVX3lxTE56cTVuQWdva1Nra0dxQ1YzUzFQNVVRUzBDUzdrNklmOWJIbUhsSFROTUVta0tjM1VGQVdTZE1uQ25Xc3luOTNzUlotSQ?oc=5"
"https://ura.news/news/1053062450","https://news.google.com/rss/articles/CBMiR0FVX3lxTE9QTDI3OC1DX2t5MDQ2ajJTUUYyOWlBc1M0RVBOWWNtcXhOYnJBb1lxM2VyRmRjVE9kRXpKbmpLbVVZWG1KcHV3?oc=5"
"https://dtf.ru/life/4740533-bytedance-prodala-biznes-tiktok-v-ssha","https://news.google.com/rss/articles/CBMidEFVX3lxTE1PbHRKd1hJUHFORW4wcU9FMHVBeURRdDVvX2EwTU8yRlFldU9kbDh6b0o1NVBxZGZzZHJSREowdndFRTcyU1FLaEd5WF95eEI3OTE2NEdaRWtYbjNqeTFFLWJaLUdmTEdHcnQ3MzBFWms0ZU1i?oc=5"
"https://eadaily.com/ru/news/2026/01/24/nikakoy-ugrozy-v-otlichie-ot-evropy-trampu-ne-udaetsya-prikrytsya-rossiey","https://news.google.com/rss/articles/CBMisgFBVV95cUxNLXBsZW1mWHFSZk1rRFRfcGo1WkhLNGxHbUtXVGs0M0RieXBXVEsyeHJXQkFISUdyeWgxRzh1Yk40c25ZdWxrWjk4ZFhaVkZiMkhzWGtJLWxTblNjRGNad0pKWUhpNFk1T0Q0SXIzQnhteDB2X0ZXVGcyaVNuRW5IVEdnZlJvSWNGOTBadGFJNVJoLWttckVQN0hsUkNpMldaRTd1UEJTODJ4TmRVd3Nack530gG2AUFVX3lxTE5KczkyQjFaTUdVcFAwdUZBcEQySW4tYVBPTmNNMnl1eGFQNzdRS0k5MVpJM1Z1a1E5UUd4RUtEUUxEQ0l4NXRtVEo0NE52ZDZISHVFRFRDVDF3VS1hb2ZaTTRDS1A5NHZJRlROamt5TmUtZTlhMmFWMms2Wmd6cUhGTGV3VTByZmh1VnJxaS05Zldwa2h1Z0FXNWVhZUFVU1lrYllsNlJCR2dCbXVCMGpmbnY3NWV3?oc=5"
"https://meduza.io/news/2026/01/23/tramp-zayavil-chto-otzyvaet-priglashenie-kanady-v-sovet-mira","https://news.google.com/rss/articles/CBMimgFBVV95cUxQaTJkLWJfQzE5SktCblEwNzdEd3VVWldybVR0bzFmNXpMdWpwdURlZE5sVmJtWDgtcEREVE00QXZHNFFsQ3ZXaWw3R3Nxc1o0Q1FJcW01dm83bl9La0MzSU41bHJBRXBvVlYtR0dHZlpzQ3oxSDVNM1d6bzJOalVNeGZXNXlTWnhGUkE5dnBmdHlKc3lMWFExYU930gGfAUFVX3lxTFBuT1hVRFRFVjZheC1JaGlvMkcxT3RDZjZKc1lBeVhXREVBN3VXT25PbklCa1piZnhUZ1hjejh4ZFpDaHpZRkpfSFZ6Q00zb004LVdFeW9iSjZiM0RYUTFlbHp2RVYyUlFDTGtHZzBYWjA0bVNaVTkySGk0TERHdGR6aWpQeVk0cUZBVlhRdm90TTFYV1lxTVIwNUIyM19TZw?oc=5"
"https://news.rambler.ua/army/55943201-nazvan-pervyy-inostrannyy-operator-rossiyskih-orionov/","https://news.google.com/rss/articles/CBMilwFBVV95cUxOVDdmRmo3b0F5Z3UzRzJDM1NHQnZQTXVLeUlUMFVuQ2lGMDBKS3JUUjhhWE5QOUFaZm9WTElYT0RPeVJuT2l1enVfNVU3UGhsZW12d0lZVEM5QkgtX0tKWWZEM3hGX1dzOWdjWEhkdUV5czhwelYzWDE3ZVhBaGhoUnZ5RUlWd0YyNEZIdHN3Z2J1U09OZWpv?oc=5"
"https://www.securitylab.ru/news/568506.php","https://news.google.com/rss/articles/CBMiVEFVX3lxTE0tdkR1bW5odldVODI4ODhic2gydlVmVk1rY1JtTmpzR2pwd2VyMFB1dFJqQ2dGMnJYLXRiczdGZExNTWNxcnFoVkp5T1hTM3JFVG4wcQ?oc=5"
"https://t-j.ru/other-citizenship/","https://news.google.com/rss/articles/CBMiSEFVX3lxTFA5MnpOenQxaEYzU3NoSHZRdmY5bE5Nc0pNY1pTbU5LUzBCUDZweFpPYWNrX0lDSmtnZUVVTXNoSUlHRjFzVHlfRQ?oc=5"
"https://www.business-gazeta.ru/article/693108","https://news.google.com/rss/articles/CBMiWEFVX3lxTE9Hdm55V091YTZvY24zX2dQdGNaQkpLUlBrVEM4bFlWRXV0cExTTnBvX1FUc3NoNVlsZTltTmRTQWtGR2x4WElnOUxBb010UHBFYUFMNkphSGw?oc=5"
"https://3dnews.ru/1135776/konets-privatnosti-windows-11-microsoft-soglasilas-otdavat-klyuchi-shifrovaniya-polzovateley-vlastyam","https://news.google.com/rss/articles/CBMixgFBVV95cUxQWG5KLUhrRU9QWHhsWi1NOTdFazIzeWE4RGI5Z09DOEtDZW16czNELUFzRGRrUE5vemUwd1RQTGZ1R3p4WHhWcXZRbEhjblMyWFVacElqMVFtVUZUZjN4TVhwZVEwa3R0QzE3eUUtQTgxVmtqdE10VTl3MWFUbU52OEE5WlJxaHhVd0FsZ2Yxd1VlTUk4bU5qM0xBcUNKUmNiZ25qSm9QOUxaMkREUHV1amF2NXV3SnNfeFc1azRfM2tZQmV2V0HSAcsBQVVfeXFMTUpQU0Rkc1p6TWtXem1hLUp1OXowUUFCRkhENW9rY3A2RF9XVWt1bVhzYkZWT0xMeDh5MG40bGowbnM1RXFtSUZzbUJrRzlTdnhLVmc0bjFWY2xBOVdabGh1TXo2YUpCcThTYUpRbENqNWFJRmJUeVZzNmVvemVEa2Jqb1hQcGk1ZmFWd0w1Zkc0R3RxZGx4M04tWTB5WVlxZk84Znc4dVU5VFFUX0tfdm9OZzR5aFpETTNWS3FQSUwxQTV1TV9KeDA1MXc?oc=5"
"https://bcs-express.ru/novosti-i-analitika/srochnyi-rynok-mezhdu-davosom-i-grenlandiei","https://news.google.com/rss/articles/CBMijwFBVV95cUxOdlZ1RjZRVDF4WnlGOEJja1QtSEJlLWR3eHh3TXhpNFhzbDZBaExzYVNkNngzcWlBLXZmOHgxV21BLVlVM2J1OEd5RlQ2ZlVNZDNkbFo0YkljT2wyVklndUY3MGhweFpiSTNRRUktOHdJNmxXS2gtWW94aUVaa3ZtYjZzY0hBVDc1R2tPUmdKZw?oc=5"
"https://www.vedomosti.ru/politics/news/2026/01/24/1171507-iran-prigrozil","https://news.google.com/rss/articles/CBMifEFVX3lxTE5tZjhZVGhxZWNUY2JvTjVDVzN2S3NRYXBVcHdsSUR2LUNTZFAtWDRjX3RUdjJrd3FCMFNHekRMOUhaZERaNHd2WS1qZkg2SFhYeXlFeWlyaDQtYmNlenUzbTF3a3pnbXhlNFVYREJzbDg2endVZWoxVXllNXE?oc=5"
"https://www.gismeteo.ru/news/health/uchjonye-podschitali-skolko-let-zhizni-dobavlyajut-son-i-dvizhenie/","https://news.google.com/rss/articles/CBMipgFBVV95cUxQbVhDcGFrT0xNVEpFYi1jdDhwdDUxa05DaU52M0JjdGRmNHhfRldNbE1vSmVpX0RNbFpsMndqcFp4V0RveGRISzUydlI0REtENFVkZFlvbDlaa09DMElZTW03N2tJcHRhUUtIXzZRQTg3bmpYZzRVNzJ5VXYzVmg5a1RLZ1Rpb1Q1cVlfR1dDMGRWdG9Od3RiTC1NUGxqY0txVGlieUJR?oc=5"
"https://naukatv.ru/news/otkryt_gigantskij_doistoricheskij_organizm_vymershij_400_mln_let_nazad","https://news.google.com/rss/articles/CBMimgFBVV95cUxQX3VILVY1RXNLbDdobUtuMlhTakthU18ta3JaNUNTYndYa1BoQUZoNmhXQmxrYlRxcF9sYmlldkNhbzBYcDluc092MzJKU2YwTXc2MHpocFp0Z25hVGg0dVNDbHVXeGoySGMycFRuWlFidGhSNnZKTW4xME4yS0pvbjYtTDhUZmRKdVhSTXlkdVJ4WDBxZGNxZFFR?oc=5"
"https://eadaily.com/ru/news/2026/01/23/ustal-ot-bestolkovyh-klounov-arakchi-sravnil-armii-irana-i-ukrainy","https://news.google.com/rss/articles/CBMiqAFBVV95cUxNa3hnZjdTaW9GRFAzaWYyUUNxSW9HQ3FOXzEwandERkoySzZaWnZ5LUNlcHU0cng4TktzQnJIX1lkVi1STkZLb0tPVHpmTUNDakM3VXpLa3E0X25EY2FsUi1rM3BBd1gzNmVYT3dlYkNzM2FZSGZCdDIyYjhhT3VwM0xPd2ljbklMTy1mbDRrd19QZVVSZG0wQ19BNzMzX0RkSHhMSGVTSUPSAawBQVVfeXFMTkc3RTFlclpIMnh6UVM4Rm9kbUhoT2U2eGNrbFBTeFlwSjBlbWVocWprZlI1RjA3bXQ2Z0NrV2FHUHhaWm14U3RuNzI4TVhMR1QyVXFBRTRDdDRjTmRnbzJyOFdDU1VpdG8xU2lZT0lRbEIyMWNrYlZDMmdaVG96NmF4aVdSWG9YRmFqby1jakxsU3NfRGdOdHhHclZ5cTBCVDlQeHhaTkVBQWJmSQ?oc=5"
"https://eadaily.com/ru/news/2026/01/24/tramp-otpravil-vensa-ukreplyat-svyazi-s-armeniey-i-azerbaydzhanom","https://news.google.com/rss/articles/CBMipwFBVV95cUxQRU43eEFpQkFnNHJzUThwbVgtZXlHcDJ1VG9RU2lLczlwQURaZnJ2V3llR19zdWkybm1VQllvYmxUS0FaZ004akNPNXFFWHZSV01VMkhFbUcyUzZQeEpWT0JxQ0htWnRlX0QzTDNSYmxwaE5hU2ZXZkFWbm9XTHVpQ3JPVVJLRUsxam9SWEFGYkxneWZiTEEtV3dJNXQwREhNZG9qVkl5UdIBqwFBVV95cUxOR2V3NllrcEphWGdKa05VNUw5WDdnYzZQdVY4ZF9rNjdtdWVRdjU1ekRrWkZWOE9HampvMXNEdjdfVnhfTjFVT2NYdk5JNkxkZTVNcTN3eWN0US1JSTA2dXh6dktJYTBTT002bUJMQk5hTHlKdTVQOEJxNWE1VlBSbGRxUmdMSHYyTVZhNnlBbTAtTkViY3BIbWlpT1cwcVJqLWM4MTk1MVJxM0U?oc=5"
"https://3dnews.ru/1135783/evropa-nachala-podgotovku-k-importozameshcheniyu-amerikanskih-tehnologiy","https://news.google.com/rss/articles/CBMinwFBVV95cUxORHhoZEZqNTFTNHd1REQ4ZC1NU1hzSWFQbE1pMklHOVRYMzJiWmpiTFF1djVjTFYyclhSZko1OXJYQlFWMklBdUNscXd4QlpRYUFLWEZHOVF3djQ5MjFQQ0IyQkJWeHZ1Wk5mWWs0V3pCcHdmR3R5MTV4dW1GT1JfeFVrSzhCUTBlNTVaLTJBanUzc29oQVBvYkJMa096R0HSAaQBQVVfeXFMT2ZyX2xpdTZoVGVqUTJWY0lwWUpMMVlJNUQzY3BpcmtaaVllRERUVUhyZWpWQTFnd1htMC1xd0FOMkZqOG5PUnBjVEh3bGpMNmpjWWFFZGZkWUZiZUdJUnpzckJYUkJnTXhPNzRPUXhHcS1PMkc5M2hCbHlMS1hpbFNkbDdSbFItWE9KY0MxWmY3MEQ1WDlsenRhV3VfUk8xYTlDMlE?oc=5"
"https://www.vedomosti.ru/politics/news/2026/01/24/1171495-ssha-udarili","https://news.google.com/rss/articles/CBMiekFVX3lxTE1CaWFzcjFhdFJTU1NVa05ybkFzSkFKd2F3d1NnS09XeG82WEE5SkZzamRlVWJkTGJpeG92bi1ub2psbDh3ZzhFdndKZ2k0VGtoRFZiVEVtQ015QlNuazFUX0x2MmZjWktjODVBRTRVWG0zOE9zYnB1dzZ3?oc=5"
"https://www.sb.by/articles/smi-ssha-i-es-namereny-privlech-800-mlrd-na-podderzhku-ukrainy.html","https://news.google.com/rss/articles/CBMimgFBVV95cUxNbWZlak5MUEZMLVA4bTc3a2xlU3ZwdzdnNHdvMUtpcjBRT3ptR3psNm10X3hicFNVNU15aTZjVjFMNGZ3M3V0Sk9QZFA0bXUyN0hiRm1KZHB0Q0NVVTJXZEMtUzNWajlhMHB0Q2VnZXJiem9CRUdGNnhuS05nLVQwUHFadXdNVlB0djhDX3puZkd2Wk5peV8xQW5R0gGiAUFVX3lxTE5tdVV2NTc2SDZXOTJIeEZrczRIVnE1RWtZOXJ1cEczTmRCRFczUGF2XzRhTHctcThWb3Jia3NjWlJUZ0ZmM2RFVmZVc0dhcG9fWjZCa2YyQ1hpcnRvMHQ5R2pnLXRfR2NRbklVQkw5Z1RBOGhNTEltLWg2STNoZFZiclJ1RzVjYWpkaXpBNDBEOFRvdnh3Ul9FQWRhRVUwSHk5UQ?oc=5"
"https://tve24.ru/news/2026/01/24/premier-chehii-zakryl-vopros-o-postavkah-ukraine-samoletov/","https://news.google.com/rss/articles/CBMilwFBVV95cUxQd3NDN2dqUkEtTlFGTVN3X3YyMEZVNXF6TFhpRXFVRmVnTUFfVjNQdUJ5T3ZPUF9na1NwVkNLaEZYdVFUTG94ZW5FTWNUajNSVFY3R0VoTnlUWTNhZ2k4X3Q4bEtINWtmQVRJVE1hek43Znl6b05CVDRvaHU2b2RUcDM1NnBfZzZESElPMTZWVFo5SnJxcDZZ?oc=5"
"https://tochka.by/articles/life/domoy_lyuboy_tsenoy_kot_preodolel_pochti_250_km_chtoby_vernutsya_k_seme/","https://news.google.com/rss/articles/CBMipwFBVV95cUxOTGRWbnRJOXQ2NkZMWmdOTXFESlRRVm4yRUM2NDNHT2pocVZ0b3ZoTnNZYnRyaG5vZ05KZndEWXZCU0tHeWI5Zk5DMWhLemhTX3FwblRLTzFnVndCSFdnUUtTVTd5RTRNQmJsc0RBYi1lcHdXLWN4M2NsRC1aYW1iY2p5anhiT3RDd2txTmZxbnJLYU9qRGgtZFVsQzN5Tld1LVVtOER6NA?oc=5"
"https://www.vedomosti.ru/economics/articles/2026/01/23/1171435-mvf-nazvala-ii-tsunami","https://news.google.com/rss/articles/CBMijgFBVV95cUxOUG1wRWtzNG5xZjBhSFZFMGU4amdjX3RPNFEwUTlQZF9CYXJneVNabmdNTDFxMmJWQTM5NWZDV2JZNkRSLWxfS2hHbDdMZUpTZlpuRk5wakNDcnBCMzhzai1PZFhlWUNKNHhUZUJhOXRjV2FTaTJqTVhKcW1wQkV6TzMwUGdEMndlMFYyRkdn?oc=5"
"https://tengrinews.kz/my-country/v-kazahstane-planiruyut-izmenit-pravila-vyezda-590978/","https://news.google.com/rss/articles/CBMikAFBVV95cUxPV3RkU2IyWVlfclBOclVXNkFkN3lZNXNRaDdwNE9qdTJBSFRsNEFySFNsWGt1a0RiWDBTOTlXb2pNN3dLbXNjZGgtUVNvMDQ5NUpDTlBYMGJLTmIzUU82ZlBONGNybXNiSk5xTkF0NEFmLUFJS2hkTFBjYTlCMlZjdUh5aElRdEQyTi1tQnIzSzbSAZYBQVVfeXFMTnFsUXMwUzhURWw4UlJqb2tNZ0hNakJ5ek1WMERubmItMTZ5VlBpbUgyMERPRmNVZWR1LXo3SUhlMTJzTjFSYXdIMkVvVFozNFozalBVU0M3dXV3dVlGYWJkTnFVX1dLenFoc3pCOHZfcEpUZ2QyNi1ROW02Xy1CU2lkRUIxSkh4cXBXWnRGYXNfbE1KS2dn?oc=5"
"https://news.rambler.ua/world/55943493-orban-nazval-grenlandiyu-kuskom-lda-i-otmetil-rol-trampa-v-nato/","https://news.google.com/rss/articles/CBMipgFBVV95cUxOVGw4NWVkbHFuSTEwTkhPTUNETHBoS1NQdDRFa1dzSDdwSzJaeHNQNXVYREFFbllyUWw1czFSY3JDaFV3bTFNZGQyTjM3OTY1QnVSdnpYSjRUT1JaOEMwcGU1eUxBMndtbG9jejJVV2VGM0xhZHpvSUM1WEE0ZFp4MTNUMTNyRV96MW5RQW5wNmxBSlF2aFV2d0xzbXM4dHRVQUp6YnVn?oc=5"
"https://www.securitylab.ru/news/568527.php","https://news.google.com/rss/articles/CBMiVEFVX3lxTE5tb1hkbF9rYmdJTS1iZGNnZGdJMmJFZDhyNVJvNjMxbXA4djRtYWJKSjRSMS1tRlhsaDI1RVpyMGVWQWZyTkswNm15SFM3T0ZQeHZPWA?oc=5"
"https://habr.com/ru/news/988428/comments/","https://news.google.com/rss/articles/CBMiU0FVX3lxTE1aVzN4ZElnR21SRXJ2QkZrRVBWSUFyM3RTa0pIbXZ6dnJ1aWZCY1A0QUdveHUzeHA0LW1SMFo2eHpXRGdKU0VWd2RybTdvY202Q2hJ?oc=5"
"https://news.ru/usa/samyj-bogatyj-chelovek-v-mire-vernulsya-v-bolshuyu-politiku","https://news.google.com/rss/articles/CBMihgFBVV95cUxOb1hDdTNyeHZFZXFtNU83d21QVVlKSU1rZENnR0piY3RUcHNyV0t2UGF5NDV2ODMwNllFS1Jmd3FTYUpoaXJ3SE43VUhhS2lDNWNkX3U0T3pQd05wMW9VVTNzX2xhMDAxZzZUSWM5S1dTOTQwYjhDbHowZ25YR0l5by1LWXJXd9IBiwFBVV95cUxNd0hqVUJNZzh0Y3dVMVpqa3RfYmtndE92UVZ1Z3VWLXlBREE1M2szang3UGdZMS05Mmx0X3Q3OUxNZi00VjVkUnNqbnRMekxMS2ZtdnNnaFVzaDlwUGNNYmhrXzhoUE1RTlQzVWxJeFppS1dVYkpFS2ZMLWJrNEFWU2ItYzZ5Q21qSWRN?oc=5"
"https://vfokuse.mail.ru/article/ekspert-pochemu-tramp-predlagaet-nato-zashishat-granicu-s-meksikoj-i-k-chemu-eto-privedet-69538965/","https://news.google.com/rss/articles/CBMiywFBVV95cUxQa0FKTDI5MjR5RXBFUFBwTGZ5X0hEWDdvRkp2R0ktNXRXX2x5S3Rsa0pvNEdWczFHUDlMT2VIeE5BbUVZeUg2TEtldlg2NkxiVnBVZnB3RmFHQzJZNGwwNGFubkhMS1h3QzhaLThEXzAybGxhU0NUMXAtSW5qSWREWTUxaEdVbWJzcXpGU09BUHYta0xEMXFKai1tXzJlVHgyTnFUcVRKY3RJZVg0dnl4X0ZsQXVZRFpoOV9yUlpWM1JqMERYTkF4b1JJOA?oc=5"
"https://bcs-express.ru/novosti-i-analitika/tsena-nefti-i-gaza-kakie-est-stsenarii-dlia-energonositelei","https://news.google.com/rss/articles/CBMipAFBVV95cUxOLWpqdnhPbjE3cDZJRXpzdWhBMHVhT09tSDA1a1d1NGhieVhjSnVubW9DVG9hMmhiY1RKM0dmTWU4bjZ0LUpuVk02YlJuLUJuNWlSYVVkZ052dXMyT1dZQmVINk9FNmdtN216bGIzODVCb2FjY1p5VFBLU1ZIclB4N0JiakhIRkd3eVh0bXJOYk5SMWRHbUIyMkxVakh5Y3U1MVk1dQ?oc=5"
"https://www.fontanka.ru/2026/01/23/76230786/","https://news.google.com/rss/articles/CBMiV0FVX3lxTFBtb1lLOFV2cllZeXZWTnJmaFdLY1FJdmR0S1k4WVhvU3cwblZ0c056SWRTZlhFeUpvc3JLckhhRWhuRnRFaDNNMk9RNVBFcGRsRlBZU2Y3RQ?oc=5"
"https://progorodsamara.ru/interesnoe/view/fi-nemeckie-ucenye-nasli-v-bolote-algi-zub-poslednej-evropejskoj-iglistoj-soni","https://news.google.com/rss/articles/CBMivAFBVV95cUxOS2Vka09uNmFLbjNWb2JJLTZhQ2VYcV85bjliemY3RTE0clk1bTNnWk5kck82V0NfaWxMMF9Oakd4TlVuTGhZRHFkaFJNY1JlQWFsYjN3dkRvS1lfRnZpczNtOE5LWWY5SVNNVzB1M2Q5eXV4X2lOdlJjX25jRWIwZ2tjU21FZ2VpemlmQk9pX005X3U4VWoyRlN1VE84dXFNT1ZqbU9ELXJoV3VHUFUxUV9BczFvMURVNE9MTdIBwgFBVV95cUxQNmFXdU1oUXA2cmxzYUJNN3Q1YkFTOFhadDRGOWZiSUJpckRYV3lOTTc1d2hDaUlzeVBTMWhYMVp5dE9EWXhHYjNjTHdISmxrdk5sdTdBWXhuRXBOWjVZcGVVVlQxeGNFeGpPWnRDcVMwdHJLekdZWU5VbjctdDQ5d3BscE5weGdlS3NVUnB1NHB2cWU2RnZJOVVNeENMekJZYklSMkZhYjVZV20tb3BHLTRVYmdRMnREYjB2OXdWcVE1dw?oc=5"
"https://tve24.ru/news/2026/01/24/v-ssha-prizvali-evropu-naladit-dialog-s-rossiey/","https://news.google.com/rss/articles/CBMiiAFBVV95cUxOOWE0ZTlyQmhMQllfRldFMGU4b0E1NWkxWVhlVTQzOG1sWGFHVTRZdzFLek9iMGZ3dlJGTHRJUHU2aWZubHJTNUFoMzhULTBpLVFlVzQwa1hyM21BRlpGV2ZUS2w3VWZvTmVBbWRnbU1SbS1jSFNEdkt6UFB4N1phNXJaQXZxNzVl?oc=5"
"https://www.vedomosti.ru/politics/galleries/2026/01/24/1171236-pod-ledyanim-schitom","https://news.google.com/rss/articles/CBMiiwFBVV95cUxOa0d0NmVxcVdjQzZENGZrU1ZvTDFpVVpCdk1mX1ZQR21vQXI0Zk45TDdkc3dUSHlIeWFiN0RxQ0h2RmxBMVV6TDg5WWNrY041b2lTMXBHWHUySGJuNXZYNWdaSm1zUkVDc1RKYWZzck5zdlBBeE81MFI0WXJHaUVHdG9HLTNXWWVyWTc4?oc=5"
